wsrdppt,slide1.jpg,Web Services Slide 1
wsrdppt,slide2.jpg,Web Services Slide 2
wsrdppt,slide3.jpg,Web Services Slide 3
wsrdppt,slide4.jpg,Web Services Slide 4
wsrdppt,slide5.jpg,Web Services Slide 5
wsrdppt,slide6.jpg,Web Services Slide 6
wsrdppt,slide7.jpg,Web Services Slide 7
wsrdppt,slide8.jpg,Web Services Slide 8
wsrdppt,slide9.jpg,Web Services Slide 9
wsrdppt,slide10.jpg,Web Services Slide 10
wsrdppt,slide11.jpg,Web Services Slide 11
wsrdppt,slide12.jpg,Web Services Slide 12
wsrdppt,slide13.jpg,Web Services Slide 13
wsrdppt,slide14.jpg,Web Services Slide 14
wsrdppt,slide15.jpg,Web Services Slide 15
wsrdppt,slide16.jpg,Web Services Slide 16
wsrdppt,slide17.jpg,Web Services Slide 17
wsrdppt,slide18.jpg,Web Services Slide 18
